study_accession,sample_accession,analysis_accession,sample_alias,country,measurement,train_test
PRJEB21131,SAMEA104107449,ERZ448657,M0041-02-16-MC003,United Kingdom,0.015,train
PRJEB21131,SAMEA104107450,ERZ448658,M0041-02-16-MC004,United Kingdom,0.015,train
PRJEB21131,SAMEA104107451,ERZ448659,M0041-02-16-MC005,United Kingdom,0.015,train
PRJEB21131,SAMEA104107452,ERZ448660,M0041-02-16-MC012,United Kingdom,0.015,train
PRJEB21131,SAMEA104107453,ERZ448661,M0041-02-16-MC014,United Kingdom,0.015,train
PRJEB21131,SAMEA104107454,ERZ448662,M0041-02-16-MC016,United Kingdom,0.015,train
PRJEB21131,SAMEA104107455,ERZ448663,M0041-02-16-MC017,United Kingdom,0.015,train
PRJEB21131,SAMEA104107456,ERZ448664,M0041-02-16-MC027,United Kingdom,0.015,train
PRJEB21131,SAMEA104107457,ERZ448665,M0041-02-16-MC031,United Kingdom,0.015,train
PRJEB21131,SAMEA104107458,ERZ448666,M0041-02-16-MC034,United Kingdom,0.015,train
PRJEB21131,SAMEA104107459,ERZ448667,M0041-02-16-MC035,United Kingdom,0.015,train
PRJEB21131,SAMEA104107460,ERZ448668,M0041-02-16-MC039,United Kingdom,0.015,train
PRJEB21131,SAMEA104107461,ERZ448669,M0041-02-16-MC040,United Kingdom,0.03,train
PRJEB21131,SAMEA104107462,ERZ448670,M0041-02-16-MC041,United Kingdom,0.015,train
PRJEB21131,SAMEA104107463,ERZ448671,M0041-02-16-MC045,United Kingdom,0.015,train
PRJEB21131,SAMEA104107464,ERZ448672,M0041-02-16-MC053,United Kingdom,0.015,train
PRJEB21131,SAMEA104107465,ERZ448673,M0041-02-16-MC056,United Kingdom,0.015,train
PRJEB21131,SAMEA104107466,ERZ448674,M0041-02-16-MC057,United Kingdom,0.015,train
PRJEB21131,SAMEA104107467,ERZ448675,M0041-02-16-MC062,United Kingdom,0.015,train
PRJEB21131,SAMEA104107468,ERZ448676,M0041-02-16-MC068,United Kingdom,0.015,train
PRJEB21131,SAMEA104107469,ERZ448677,M0041-02-16-MC071,United Kingdom,0.015,train
PRJEB21131,SAMEA104107470,ERZ448678,M0041-02-16-MC081,United Kingdom,0.015,train
PRJEB21131,SAMEA104107471,ERZ448679,M0041-02-16-MC086,United Kingdom,0.015,train
PRJEB21131,SAMEA104107472,ERZ448680,M0041-02-16-MC089,United Kingdom,0.25,train
PRJEB21131,SAMEA104107473,ERZ448681,M0041-02-16-MC095,United Kingdom,0.015,train
PRJEB21131,SAMEA104107474,ERZ448682,M0041-02-16-MC096,United Kingdom,0.015,train
PRJEB21131,SAMEA104107475,ERZ448683,M0041-02-16-MC098,United Kingdom,0.015,train
PRJEB21131,SAMEA104107476,ERZ448684,M0041-02-16-MC106,United Kingdom,8.0,train
PRJEB21131,SAMEA104107477,ERZ448685,M0041-02-16-MC118,United Kingdom,0.015,train
PRJEB21131,SAMEA104107478,ERZ448686,M0041-02-16-MC119,United Kingdom,0.015,train
PRJEB21131,SAMEA104107479,ERZ448687,M0041-02-16-MC120,United Kingdom,0.015,train
PRJEB21131,SAMEA104107480,ERZ448688,M0041-02-16-MC121,United Kingdom,0.015,train
PRJEB21131,SAMEA104107481,ERZ448689,M0041-02-16-MC127,United Kingdom,0.015,train
PRJEB21131,SAMEA104107482,ERZ448690,M0041-02-16-MC132,United Kingdom,0.015,train
PRJEB21131,SAMEA104107483,ERZ448691,M0041-02-16-MC135,United Kingdom,0.015,train
PRJEB21131,SAMEA104107484,ERZ448692,M0041-02-16-MC136,United Kingdom,0.015,train
PRJEB21131,SAMEA104107485,ERZ448693,M0041-02-16-MC137,United Kingdom,0.015,train
PRJEB21131,SAMEA104107486,ERZ448694,M0041-02-16-MC138,United Kingdom,0.015,train
PRJEB21131,SAMEA104107487,ERZ448695,M0041-02-16-MC140,United Kingdom,0.25,train
PRJEB21131,SAMEA104107488,ERZ448696,M0041-02-16-MC141,United Kingdom,0.25,train
PRJEB21131,SAMEA104107489,ERZ448697,M0041-02-16-MC147,United Kingdom,0.015,train
PRJEB21131,SAMEA104107490,ERZ448698,M0041-02-16-MC152,United Kingdom,0.015,train
PRJEB21131,SAMEA104107491,ERZ448699,M0041-02-16-MC156,United Kingdom,0.015,train
PRJEB21131,SAMEA104107492,ERZ448700,M0041-02-16-MC157,United Kingdom,0.015,train
PRJEB21131,SAMEA104107493,ERZ448701,M0041-02-16-MC161,United Kingdom,0.015,train
PRJEB21131,SAMEA104107494,ERZ448702,M0041-02-16-MC168,United Kingdom,0.015,train
PRJEB21131,SAMEA104107495,ERZ448703,M0041-02-16-MC177,United Kingdom,0.015,train
PRJEB21131,SAMEA104107496,ERZ448704,M0041-02-16-MC181,United Kingdom,0.015,train
PRJEB21131,SAMEA104107497,ERZ448705,M0041-02-16-MC183,United Kingdom,0.015,train
PRJEB21131,SAMEA104107498,ERZ448706,M0041-02-16-MC186,United Kingdom,0.015,train
PRJEB21131,SAMEA104107499,ERZ448707,M0041-02-16-MC187,United Kingdom,0.015,train
PRJEB21131,SAMEA104107500,ERZ448708,M0041-02-16-MC191,United Kingdom,0.015,train
PRJEB21131,SAMEA104107501,ERZ448709,M0041-02-16-MC199,United Kingdom,0.015,train
PRJEB21131,SAMEA104107502,ERZ448710,M0041-02-16-MC201,United Kingdom,0.015,train
PRJEB21131,SAMEA104107503,ERZ448711,M0041-02-16-MC204,United Kingdom,0.015,train
PRJEB21131,SAMEA104107504,ERZ448712,M0041-02-16-MC205,United Kingdom,0.015,train
PRJEB21131,SAMEA104107505,ERZ448713,M0041-02-16-MC206,United Kingdom,0.015,train
PRJEB21131,SAMEA104107506,ERZ448714,M0041-02-16-MC207,United Kingdom,0.015,train
PRJEB21131,SAMEA104107507,ERZ448715,M0041-02-16-MC218,United Kingdom,0.03,train
PRJEB21131,SAMEA104107508,ERZ448716,M0041-02-16-MC221,United Kingdom,0.015,train
PRJEB21131,SAMEA104107509,ERZ448717,M0041-02-16-MC224,United Kingdom,0.015,train
PRJEB21131,SAMEA104107510,ERZ448718,M0041-02-16-MC225,United Kingdom,0.015,train
PRJEB21131,SAMEA104107511,ERZ448719,M0041-02-16-MC226,United Kingdom,0.015,train
PRJEB21131,SAMEA104107512,ERZ448720,M0041-02-16-MC227,United Kingdom,0.015,train
PRJEB21131,SAMEA104107513,ERZ448721,M0041-02-16-MC228,United Kingdom,0.015,train
PRJEB21131,SAMEA104107514,ERZ448722,M0041-02-16-MC229,United Kingdom,0.015,train
PRJEB21131,SAMEA104107515,ERZ448723,M0041-02-16-MC237,United Kingdom,0.015,train
PRJEB21131,SAMEA104107516,ERZ448724,M0041-02-16-MC239,United Kingdom,0.015,train
PRJEB21131,SAMEA104107517,ERZ448725,M0041-02-16-MC242,United Kingdom,0.015,train
PRJEB21131,SAMEA104107518,ERZ448726,M0041-02-16-MC247,United Kingdom,0.015,train
PRJEB21131,SAMEA104107519,ERZ448727,M0041-02-16-MC248,United Kingdom,0.015,train
PRJEB21131,SAMEA104107520,ERZ448728,M0041-02-16-MC253,United Kingdom,0.015,train
PRJEB21131,SAMEA104107521,ERZ448729,M0041-02-16-MC257,United Kingdom,0.015,train
PRJEB21131,SAMEA104107522,ERZ448730,M0041-02-16-MC258,United Kingdom,0.015,train
PRJEB21131,SAMEA104107523,ERZ448731,M0041-02-16-MC260,United Kingdom,0.015,train
PRJEB21131,SAMEA104107524,ERZ448732,M0041-02-16-MC266,United Kingdom,0.015,train
PRJEB21131,SAMEA104107525,ERZ448733,M0041-02-16-MC271,United Kingdom,0.015,train
PRJEB21131,SAMEA104107526,ERZ448734,M0041-02-16-MC272,United Kingdom,0.015,train
PRJEB21131,SAMEA104107527,ERZ448735,M0041-02-16-MC275,United Kingdom,0.015,train
PRJEB21131,SAMEA104107528,ERZ448736,M0041-02-16-MC280,United Kingdom,0.015,train
PRJEB21131,SAMEA104107529,ERZ448737,M0041-02-16-MC284,United Kingdom,0.015,train
PRJEB21131,SAMEA104107530,ERZ448738,M0041-02-16-MC286,United Kingdom,0.015,train
PRJEB21131,SAMEA104107531,ERZ448739,M0041-02-16-MC290,United Kingdom,0.015,train
PRJEB21131,SAMEA104107532,ERZ448740,M0041-02-16-MC292,United Kingdom,0.015,train
PRJEB21131,SAMEA104107533,ERZ448741,M0041-02-16-MC298,United Kingdom,0.03,train
PRJEB21131,SAMEA104107534,ERZ448742,M0041-02-16-MC305,United Kingdom,0.015,train
PRJEB21131,SAMEA104107535,ERZ448743,M0041-02-16-MC307,United Kingdom,0.015,train
PRJEB21131,SAMEA104107536,ERZ448744,M0041-02-16-MC314,United Kingdom,0.015,train
PRJEB21131,SAMEA104107537,ERZ448745,M0041-02-16-MC320,United Kingdom,0.015,train
PRJEB21131,SAMEA104107538,ERZ448746,M0041-02-16-MC324,United Kingdom,0.015,train
PRJEB21131,SAMEA104107539,ERZ448747,M0041-02-16-MC325,United Kingdom,0.015,train
PRJEB21131,SAMEA104107540,ERZ448748,M0041-02-16-MC327,United Kingdom,0.015,train
PRJEB21131,SAMEA104107541,ERZ448749,M0041-02-16-MC330,United Kingdom,0.015,train
PRJEB21131,SAMEA104107542,ERZ448750,M0041-02-16-MC350,United Kingdom,0.015,train
PRJEB21131,SAMEA104107543,ERZ448751,M0041-02-16-MC353,United Kingdom,0.015,train
PRJEB21131,SAMEA104107544,ERZ448752,M0041-02-16-MC355,United Kingdom,0.015,train
PRJEB21131,SAMEA104107545,ERZ448753,M0041-02-16-MC371,United Kingdom,0.015,train
PRJEB21131,SAMEA104107546,ERZ448754,M0041-02-16-MC375,United Kingdom,0.015,train
PRJEB21131,SAMEA104107547,ERZ448755,M0041-02-16-MC390,United Kingdom,0.015,train
PRJEB21131,SAMEA104107548,ERZ448756,M0041-02-16-MC394,United Kingdom,0.03,train
PRJNA266657,SAMN03177615,ERZ468962,CVM_N33429PS,USA,0.015,train
PRJNA266657,SAMN03177616,ERZ468963,CVM_N33443PS,USA,0.015,train
PRJNA266657,SAMN03177617,ERZ468964,CVM_N33552PS,USA,0.015,train
PRJNA266657,SAMN03177618,ERZ468965,CVM_N33574PS,USA,0.25,train
PRJNA266657,SAMN03177619,ERZ468966,CVM_N33561PS,USA,0.12,train
PRJNA266657,SAMN03177620,ERZ468967,CVM_N33591PS,USA,0.015,train
PRJNA266657,SAMN03177621,ERZ468968,CVM_N33601PS,USA,0.015,train
PRJNA266657,SAMN03177622,ERZ468969,CVM_N33624PS,USA,4.0,train
PRJNA266657,SAMN03177623,ERZ468970,CVM_N33633PS,USA,0.25,train
PRJNA266657,SAMN03177624,ERZ468971,CVM_N33640PS,USA,4.0,train
PRJNA266657,SAMN03177625,ERZ468972,CVM_N33651PS,USA,0.015,train
PRJNA266657,SAMN03177626,ERZ468973,CVM_N33653PS,USA,0.03,train
PRJNA266657,SAMN03177627,ERZ468974,CVM_N33687PS,USA,0.015,train
PRJNA266657,SAMN03177628,ERZ468975,CVM_N33707PS,USA,0.015,train
PRJNA266657,SAMN03177629,ERZ468976,CVM_N33719PS,USA,0.015,train
PRJNA266657,SAMN03177630,ERZ468977,CVM_N33720PS,USA,0.015,train
PRJNA266657,SAMN03177631,ERZ468978,CVM_N33742PS,USA,0.25,train
PRJNA266657,SAMN03177632,ERZ468979,CVM_N33804PS,USA,0.015,train
PRJNA266657,SAMN03177633,ERZ468980,CVM_N33806PS,USA,0.015,train
PRJNA266657,SAMN03177634,ERZ468981,CVM_N33825PS,USA,4.0,train
PRJNA266657,SAMN03177635,ERZ468982,CVM_N33849PS,USA,0.25,train
PRJNA266657,SAMN03177636,ERZ468983,CVM_N33857PS,USA,4.0,train
PRJNA266657,SAMN03177637,ERZ468984,CVM_N33922PS,USA,0.25,train
PRJNA266657,SAMN03177638,ERZ468985,CVM_N33978PS,USA,0.25,train
PRJNA266657,SAMN03177639,ERZ468986,CVM_N34054PS,USA,0.12,train
PRJNA266657,SAMN03177640,ERZ468987,CVM_N34077PS,USA,0.03,train
PRJNA266657,SAMN03177641,ERZ468988,CVM_N34086PS,USA,0.015,train
PRJNA266657,SAMN03177642,ERZ468989,CVM_N34152PS,USA,0.015,train
PRJNA266657,SAMN03177643,ERZ468990,CVM_N34228PS,USA,0.25,train
PRJNA266657,SAMN03177644,ERZ468991,CVM_N34322PS,USA,0.03,train
PRJNA266657,SAMN03177645,ERZ468992,CVM_N34351PS,USA,0.015,train
PRJNA266657,SAMN03177646,ERZ468993,CVM_N34352PS,USA,0.25,train
PRJNA266657,SAMN03177647,ERZ468994,CVM_N34543PS,USA,0.015,train
PRJNA266657,SAMN03177648,ERZ468995,CVM_N34557PS,USA,0.06,train
PRJNA266657,SAMN03177649,ERZ468996,CVM_N34562PS,USA,0.015,train
PRJNA266657,SAMN03177650,ERZ468997,CVM_N34564PS,USA,0.015,train
PRJNA266657,SAMN03177651,ERZ468998,CVM_N34577PS,USA,0.015,train
PRJNA266657,SAMN03177652,ERZ468999,CVM_N35912PS,USA,0.015,train
PRJNA266657,SAMN03177653,ERZ469000,CVM_N36093PS,USA,0.015,train
PRJNA266657,SAMN03177654,ERZ469001,CVM_N36099PS,USA,0.015,train
PRJNA266657,SAMN03177655,ERZ469002,CVM_N36113PS,USA,0.015,train
PRJNA266657,SAMN03177656,ERZ469003,CVM_N36158PS,USA,4.0,train
PRJNA266657,SAMN03177657,ERZ469004,CVM_N36204PS,USA,0.015,train
PRJNA266657,SAMN03177658,ERZ469005,CVM_N36210PS,USA,0.015,train
PRJNA266657,SAMN03177659,ERZ469006,CVM_N36225PS,USA,0.015,train
PRJNA266657,SAMN03177660,ERZ469007,CVM_N36312PS,USA,0.25,train
PRJNA266657,SAMN03177661,ERZ469008,CVM_N36393PS,USA,0.015,train
PRJNA266657,SAMN03177662,ERZ469009,CVM_N36396PS,USA,0.015,train
PRJNA266657,SAMN03177663,ERZ469010,CVM_N36400PS,USA,0.015,train
PRJNA266657,SAMN03177664,ERZ469011,CVM_N36401PS,USA,0.015,train
PRJNA266657,SAMN03177665,ERZ469012,CVM_N36404PS,USA,0.015,train
PRJNA266657,SAMN03177666,ERZ469013,CVM_N36601PS,USA,0.5,train
PRJNA266657,SAMN03177667,ERZ469014,CVM_N36609PS,USA,0.015,train
PRJNA266657,SAMN03177668,ERZ469015,CVM_N36613PS,USA,0.015,train
PRJNA266657,SAMN03177669,ERZ469016,CVM_N36620PS,USA,0.015,train
PRJNA266657,SAMN03177670,ERZ469017,CVM_N36834PS,USA,0.015,train
PRJNA266657,SAMN03177671,ERZ469018,CVM_N36837PS,USA,0.015,train
PRJNA266657,SAMN03177672,ERZ469019,CVM_N36903PS,USA,0.015,train
PRJNA266657,SAMN03177673,ERZ469020,CVM_N36918PS,USA,0.015,train
PRJNA266657,SAMN03177674,ERZ469021,CVM_N36963PS,USA,0.015,train
PRJNA266657,SAMN03177675,ERZ469022,CVM_N37059PS,USA,0.015,train
PRJNA266657,SAMN03177676,ERZ469023,CVM_N37067PS,USA,0.015,train
PRJNA266657,SAMN03177677,ERZ469024,CVM_N37069PS,USA,0.015,train
PRJNA266657,SAMN03177678,ERZ469025,CVM_N38381PS,USA,0.015,train
PRJNA266657,SAMN03177679,ERZ469026,CVM_N38428PS,USA,0.015,train
PRJNA266657,SAMN03177680,ERZ469027,CVM_N38663PS,USA,0.25,train
PRJNA266657,SAMN03177681,ERZ469028,CVM_N38733PS,USA,4.0,train
PRJNA266657,SAMN03177682,ERZ469029,CVM_N38795PS,USA,0.015,train
PRJNA266657,SAMN03177683,ERZ469030,CVM_N38796PS,USA,0.015,train
PRJNA266657,SAMN03177684,ERZ469031,CVM_N38823PS,USA,0.5,train
PRJNA266657,SAMN03177685,ERZ469032,CVM_N38826PS,USA,0.25,train
PRJNA266657,SAMN03177686,ERZ469033,CVM_N38833PS,USA,1.0,train
PRJNA266657,SAMN03177687,ERZ469034,CVM_N38834PS,USA,0.015,train
PRJNA266657,SAMN03177688,ERZ469035,CVM_N41498PS,USA,1.0,train
PRJNA266657,SAMN03177689,ERZ469036,CVM_N41556PS,USA,0.015,train
PRJNA266657,SAMN03177690,ERZ469037,CVM_N41586PS,USA,0.015,train
PRJNA292901,SAMN04014847,ERZ486164,FDA-CDC-AR_0006,,8.0,test
PRJNA292901,SAMN04014852,ERZ486165,FDA-CDC-AR_0011,,8.0,test
PRJNA292901,SAMN04014854,ERZ486166,FDA-CDC-AR_0013,,0.25,test
PRJNA292901,SAMN04014855,ERZ486167,FDA-CDC-AR_0014,,8.0,test
PRJNA292901,SAMN04014856,ERZ486168,FDA-CDC-AR_0015,,8.0,test
PRJNA292901,SAMN04014858,ERZ486169,FDA-CDC-AR_0017,,0.25,test
PRJNA292901,SAMN04014860,ERZ486170,FDA-CDC-AR_0019,,8.0,test
PRJNA292901,SAMN04014861,ERZ486171,FDA-CDC-AR_0020,,8.0,test
PRJNA292904,SAMN04014889,ERZ486181,FDA-CDC-AR_0048,,8.0,test
PRJNA292904,SAMN04014896,ERZ486182,FDA-CDC-AR_0055,,8.0,test
PRJNA292904,SAMN04014899,ERZ486183,FDA-CDC-AR_0058,,8.0,test
PRJNA292904,SAMN04014902,ERZ486184,FDA-CDC-AR_0061,,0.25,test
PRJNA292904,SAMN04014908,ERZ486185,FDA-CDC-AR_0067,,8.0,test
PRJNA292904,SAMN04014910,ERZ486186,FDA-CDC-AR_0069,,0.25,test
PRJNA292904,SAMN04014918,ERZ486187,FDA-CDC-AR_0077,,0.25,test
PRJNA292904,SAMN04014922,ERZ486188,FDA-CDC-AR_0081,,8.0,test
PRJNA292904,SAMN04014925,ERZ486189,FDA-CDC-AR_0084,,8.0,test
PRJNA292904,SAMN04014926,ERZ486190,FDA-CDC-AR_0085,,8.0,test
PRJNA292904,SAMN04014927,ERZ486191,FDA-CDC-AR_0086,,8.0,test
PRJNA292904,SAMN04014930,ERZ486192,FDA-CDC-AR_0089,,0.25,test
PRJNA292904,SAMN04014945,ERZ486193,FDA-CDC-AR_0104,,8.0,test
PRJNA292902,SAMN04014955,ERZ486172,FDA-CDC-AR_0114,,8.0,test
PRJNA292902,SAMN04014959,ERZ486173,FDA-CDC-AR_0118,,8.0,test
PRJNA292902,SAMN04014960,ERZ486174,FDA-CDC-AR_0119,,8.0,test
PRJNA292902,SAMN04014969,ERZ486175,FDA-CDC-AR_0128,,8.0,test
PRJNA292902,SAMN04014978,ERZ486176,FDA-CDC-AR_0137,,8.0,test
PRJNA292902,SAMN04014990,ERZ486177,FDA-CDC-AR_0149,,8.0,test
PRJNA292902,SAMN04014991,ERZ486178,FDA-CDC-AR_0150,,8.0,test
PRJNA292902,SAMN04014992,ERZ486179,FDA-CDC-AR_0151,,8.0,test
PRJNA292902,SAMN04015003,ERZ486180,FDA-CDC-AR_0162,,8.0,test
PRJDB7087,SAMD00126358,ERZ908658,SAMD00126358,,32.0,test
PRJDB7087,SAMD00126359,ERZ908884,SAMD00126359,,32.0,test
PRJDB7087,SAMD00126360,ERZ908816,SAMD00126360,,16.0,test
PRJDB7087,SAMD00126361,ERZ908863,SAMD00126361,,64.0,test
PRJDB7087,SAMD00126362,ERZ908774,SAMD00126362,,32.0,test
PRJDB7087,SAMD00126363,ERZ908777,SAMD00126363,,0.5,test
PRJDB7087,SAMD00126364,ERZ908737,SAMD00126364,,32.0,test
PRJDB7087,SAMD00126365,ERZ908715,SAMD00126365,,64.0,test
PRJDB7087,SAMD00126366,ERZ908821,SAMD00126366,,64.0,test
PRJDB7087,SAMD00126367,ERZ908885,SAMD00126367,,32.0,test
PRJDB7087,SAMD00126368,ERZ908752,SAMD00126368,,32.0,test
PRJDB7087,SAMD00126369,ERZ908789,SAMD00126369,,32.0,test
PRJDB7087,SAMD00126370,ERZ908669,SAMD00126370,,32.0,test
PRJDB7087,SAMD00126371,ERZ908732,SAMD00126371,,16.0,test
PRJDB7087,SAMD00126372,ERZ908748,SAMD00126372,,0.015,test
PRJDB7087,SAMD00126373,ERZ908887,SAMD00126373,,32.0,test
PRJDB7087,SAMD00126374,ERZ908807,SAMD00126374,,0.015,test
PRJDB7087,SAMD00126375,ERZ908804,SAMD00126375,,32.0,test
PRJDB7087,SAMD00126376,ERZ908651,SAMD00126376,,64.0,test
PRJDB7087,SAMD00126377,ERZ908726,SAMD00126377,,32.0,test
PRJDB7087,SAMD00126378,ERZ908698,SAMD00126378,,32.0,test
PRJDB7087,SAMD00126379,ERZ908760,SAMD00126379,,64.0,test
PRJDB7087,SAMD00126380,ERZ908741,SAMD00126380,,64.0,test
PRJDB7087,SAMD00126381,ERZ908731,SAMD00126381,,32.0,test
PRJDB7087,SAMD00126382,ERZ908683,SAMD00126382,,32.0,test
PRJDB7087,SAMD00126383,ERZ908860,SAMD00126383,,32.0,test
PRJDB7087,SAMD00126384,ERZ908772,SAMD00126384,,32.0,test
PRJDB7087,SAMD00126385,ERZ908818,SAMD00126385,,16.0,test
PRJDB7087,SAMD00126386,ERZ908691,SAMD00126386,,64.0,test
PRJDB7087,SAMD00126387,ERZ908725,SAMD00126387,,32.0,test
PRJDB7087,SAMD00126388,ERZ908820,SAMD00126388,,32.0,test
PRJDB7087,SAMD00126389,ERZ908826,SAMD00126389,,32.0,test
PRJDB7087,SAMD00126390,ERZ908895,SAMD00126390,,0.12,test
PRJDB7087,SAMD00126391,ERZ908838,SAMD00126391,,0.015,test
PRJDB7087,SAMD00126392,ERZ908881,SAMD00126392,,64.0,test
PRJDB7087,SAMD00126393,ERZ908695,SAMD00126393,,32.0,test
PRJDB7087,SAMD00126394,ERZ908757,SAMD00126394,,16.0,test
PRJDB7087,SAMD00126395,ERZ908845,SAMD00126395,,32.0,test
PRJDB7087,SAMD00126396,ERZ908729,SAMD00126396,,16.0,test
PRJDB7087,SAMD00126397,ERZ908801,SAMD00126397,,32.0,test
PRJDB7087,SAMD00126398,ERZ908682,SAMD00126398,,32.0,test
PRJDB7087,SAMD00126399,ERZ908828,SAMD00126399,,32.0,test
PRJDB7087,SAMD00126400,ERZ908700,SAMD00126400,,64.0,test
PRJDB7087,SAMD00126401,ERZ908880,SAMD00126401,,64.0,test
PRJDB7087,SAMD00126402,ERZ908673,SAMD00126402,,32.0,test
PRJDB7087,SAMD00126403,ERZ908840,SAMD00126403,,32.0,test
PRJDB7087,SAMD00126404,ERZ908687,SAMD00126404,,0.25,test
PRJDB7087,SAMD00126405,ERZ908875,SAMD00126405,,0.25,test
PRJDB7087,SAMD00126406,ERZ908707,SAMD00126406,,32.0,test
PRJDB7087,SAMD00126407,ERZ908736,SAMD00126407,,64.0,test
PRJDB7087,SAMD00126408,ERZ908811,SAMD00126408,,16.0,test
PRJDB7087,SAMD00126409,ERZ908668,SAMD00126409,,16.0,test
PRJDB7087,SAMD00126410,ERZ908685,SAMD00126410,,16.0,test
PRJDB7087,SAMD00126411,ERZ908888,SAMD00126411,,32.0,test
PRJDB7087,SAMD00126412,ERZ908730,SAMD00126412,,32.0,test
PRJDB7087,SAMD00126413,ERZ908793,SAMD00126413,,16.0,test
PRJDB7087,SAMD00126414,ERZ908703,SAMD00126414,,32.0,test
PRJDB7087,SAMD00126415,ERZ908798,SAMD00126415,,32.0,test
PRJDB7087,SAMD00126416,ERZ908848,SAMD00126416,,32.0,test
PRJDB7087,SAMD00126417,ERZ908780,SAMD00126417,,16.0,test
PRJDB7087,SAMD00126418,ERZ908657,SAMD00126418,,32.0,test
PRJDB7087,SAMD00126419,ERZ908876,SAMD00126419,,32.0,test
PRJDB7087,SAMD00126420,ERZ908719,SAMD00126420,,32.0,test
PRJDB7087,SAMD00126421,ERZ908765,SAMD00126421,,32.0,test
PRJDB7087,SAMD00126422,ERZ908653,SAMD00126422,,0.25,test
PRJDB7087,SAMD00126423,ERZ908672,SAMD00126423,,32.0,test
PRJDB7087,SAMD00126424,ERZ908716,SAMD00126424,,32.0,test
PRJDB7087,SAMD00126425,ERZ908712,SAMD00126425,,32.0,test
PRJDB7087,SAMD00126426,ERZ908805,SAMD00126426,,32.0,test
PRJDB7087,SAMD00126427,ERZ908758,SAMD00126427,,16.0,test
PRJDB7087,SAMD00126428,ERZ908879,SAMD00126428,,32.0,test
PRJDB7087,SAMD00126429,ERZ908664,SAMD00126429,,32.0,test
PRJDB7087,SAMD00126430,ERZ908850,SAMD00126430,,32.0,test
PRJDB7087,SAMD00126431,ERZ908775,SAMD00126431,,8.0,test
PRJDB7087,SAMD00126432,ERZ908680,SAMD00126432,,32.0,test
PRJDB7087,SAMD00126433,ERZ908684,SAMD00126433,,32.0,test
PRJDB7087,SAMD00126434,ERZ908770,SAMD00126434,,0.015,test
PRJDB7087,SAMD00126435,ERZ908864,SAMD00126435,,0.015,test
PRJDB7087,SAMD00126436,ERZ908852,SAMD00126436,,0.015,test
PRJDB7087,SAMD00126437,ERZ908795,SAMD00126437,,0.015,test
PRJDB7087,SAMD00126438,ERZ908784,SAMD00126438,,32.0,test
PRJDB7087,SAMD00126439,ERZ908694,SAMD00126439,,16.0,test
PRJDB7087,SAMD00126440,ERZ908754,SAMD00126440,,0.015,test
PRJDB7087,SAMD00126441,ERZ908746,SAMD00126441,,32.0,test
PRJDB7087,SAMD00126442,ERZ908802,SAMD00126442,,32.0,test
PRJDB7087,SAMD00126443,ERZ908708,SAMD00126443,,0.015,test
PRJDB7087,SAMD00126444,ERZ908690,SAMD00126444,,16.0,test
PRJDB7087,SAMD00126445,ERZ908794,SAMD00126445,,32.0,test
PRJDB7087,SAMD00126446,ERZ908788,SAMD00126446,,64.0,test
PRJDB7087,SAMD00126447,ERZ908810,SAMD00126447,,0.25,test
PRJDB7087,SAMD00126448,ERZ908808,SAMD00126448,,0.25,test
PRJDB7087,SAMD00126449,ERZ908755,SAMD00126449,,0.12,test
PRJDB7087,SAMD00126450,ERZ908799,SAMD00126450,,0.03,test
PRJDB7087,SAMD00126451,ERZ908894,SAMD00126451,,32.0,test
PRJDB7087,SAMD00126452,ERZ908711,SAMD00126452,,8.0,test
PRJDB7087,SAMD00126453,ERZ908723,SAMD00126453,,64.0,test
PRJDB7087,SAMD00126454,ERZ908782,SAMD00126454,,32.0,test
PRJDB7087,SAMD00126455,ERZ908756,SAMD00126455,,32.0,test
PRJDB7087,SAMD00126456,ERZ908839,SAMD00126456,,32.0,test
PRJDB7087,SAMD00126468,ERZ908738,SAMD00126468,,0.015,test
PRJDB7087,SAMD00126469,ERZ908654,SAMD00126469,,1.0,test
PRJDB7087,SAMD00126470,ERZ908661,SAMD00126470,,0.25,test
PRJDB7087,SAMD00126471,ERZ908842,SAMD00126471,,0.03,test
PRJDB7087,SAMD00126472,ERZ908768,SAMD00126472,,0.015,test
PRJDB7087,SAMD00126473,ERZ908857,SAMD00126473,,0.015,test
PRJDB7087,SAMD00126474,ERZ908791,SAMD00126474,,32.0,test
PRJDB7087,SAMD00126475,ERZ908854,SAMD00126475,,0.015,test
PRJDB7087,SAMD00126476,ERZ908749,SAMD00126476,,0.015,test
PRJDB7087,SAMD00126477,ERZ908705,SAMD00126477,,0.015,test
PRJDB7087,SAMD00126478,ERZ908649,SAMD00126478,,4.0,test
PRJDB7087,SAMD00126479,ERZ908660,SAMD00126479,,0.25,test
PRJDB7087,SAMD00126480,ERZ908771,SAMD00126480,,0.015,test
PRJDB7087,SAMD00126481,ERZ908686,SAMD00126481,,0.12,test
PRJDB7087,SAMD00126482,ERZ908858,SAMD00126482,,0.5,test
PRJDB7087,SAMD00126483,ERZ908889,SAMD00126483,,0.25,test
PRJDB7087,SAMD00126484,ERZ908833,SAMD00126484,,64.0,test
PRJDB7087,SAMD00126485,ERZ908761,SAMD00126485,,0.01,test
PRJDB7087,SAMD00126486,ERZ908759,SAMD00126486,,0.01,test
PRJDB7087,SAMD00126487,ERZ908785,SAMD00126487,,0.015,test
PRJDB7087,SAMD00126488,ERZ908779,SAMD00126488,,0.25,test
PRJDB7087,SAMD00126489,ERZ908652,SAMD00126489,,32.0,test
PRJDB7087,SAMD00126490,ERZ908739,SAMD00126490,,64.0,test
PRJDB7087,SAMD00126491,ERZ908709,SAMD00126491,,16.0,test
PRJDB7087,SAMD00126492,ERZ908655,SAMD00126492,,0.01,test
PRJDB7087,SAMD00126493,ERZ908740,SAMD00126493,,0.015,test
PRJDB7087,SAMD00126494,ERZ908753,SAMD00126494,,0.015,test
PRJDB7087,SAMD00126495,ERZ908851,SAMD00126495,,0.01,test
PRJDB7087,SAMD00126496,ERZ908728,SAMD00126496,,16.0,test
PRJDB7087,SAMD00126497,ERZ908800,SAMD00126497,,64.0,test
PRJDB7087,SAMD00126498,ERZ908699,SAMD00126498,,0.01,test
PRJDB7087,SAMD00126499,ERZ908843,SAMD00126499,,0.015,test
PRJDB7087,SAMD00126500,ERZ908878,SAMD00126500,,0.12,test
PRJDB7087,SAMD00126501,ERZ908681,SAMD00126501,,16.0,test
PRJDB7087,SAMD00126502,ERZ908837,SAMD00126502,,32.0,test
PRJDB7087,SAMD00126503,ERZ908809,SAMD00126503,,0.015,test
PRJDB7087,SAMD00126504,ERZ908796,SAMD00126504,,0.01,test
PRJDB7087,SAMD00126505,ERZ908776,SAMD00126505,,0.015,test
PRJDB7087,SAMD00126506,ERZ908882,SAMD00126506,,8.0,test
PRJDB7087,SAMD00126507,ERZ908702,SAMD00126507,,32.0,test
PRJDB7087,SAMD00126508,ERZ908812,SAMD00126508,,64.0,test
PRJDB7087,SAMD00126509,ERZ908849,SAMD00126509,,16.0,test
PRJDB7087,SAMD00126510,ERZ908735,SAMD00126510,,0.01,test
PRJDB7087,SAMD00126511,ERZ908792,SAMD00126511,,16.0,test
PRJDB7087,SAMD00126512,ERZ908806,SAMD00126512,,0.015,test
PRJDB7087,SAMD00126513,ERZ908704,SAMD00126513,,0.06,test
PRJDB7087,SAMD00126514,ERZ908865,SAMD00126514,,32.0,test
PRJDB7087,SAMD00126515,ERZ908862,SAMD00126515,,32.0,test
PRJDB7087,SAMD00126516,ERZ908713,SAMD00126516,,0.25,test
PRJDB7087,SAMD00126517,ERZ908790,SAMD00126517,,64.0,test
PRJDB7087,SAMD00126518,ERZ908764,SAMD00126518,,0.12,test
PRJDB7087,SAMD00126519,ERZ908817,SAMD00126519,,4.0,test
PRJDB7087,SAMD00126520,ERZ908717,SAMD00126520,,64.0,test
PRJDB7087,SAMD00126521,ERZ908797,SAMD00126521,,0.25,test
PRJDB7087,SAMD00126522,ERZ908763,SAMD00126522,,16.0,test
PRJDB7087,SAMD00126523,ERZ908824,SAMD00126523,,0.03,test
PRJDB7087,SAMD00126524,ERZ908855,SAMD00126524,,0.015,test
PRJDB7087,SAMD00126525,ERZ908831,SAMD00126525,,0.25,test
PRJDB7087,SAMD00126526,ERZ908781,SAMD00126526,,64.0,test
PRJDB7087,SAMD00126527,ERZ908877,SAMD00126527,,0.015,test
PRJDB7087,SAMD00126528,ERZ908676,SAMD00126528,,0.06,test
PRJDB7087,SAMD00126529,ERZ908893,SAMD00126529,,16.0,test
PRJDB7087,SAMD00126530,ERZ908733,SAMD00126530,,0.015,test
PRJDB7087,SAMD00126531,ERZ908665,SAMD00126531,,64.0,test
PRJDB7087,SAMD00126532,ERZ908829,SAMD00126532,,0.01,test
PRJDB7087,SAMD00126533,ERZ908866,SAMD00126533,,0.06,test
PRJDB7087,SAMD00126534,ERZ908815,SAMD00126534,,0.25,test
PRJDB7087,SAMD00126535,ERZ908787,SAMD00126535,,32.0,test
PRJDB7087,SAMD00126536,ERZ908678,SAMD00126536,,0.015,test
PRJDB7087,SAMD00126537,ERZ908886,SAMD00126537,,0.5,test
PRJDB7087,SAMD00126538,ERZ908722,SAMD00126538,,0.12,test
PRJDB7087,SAMD00126539,ERZ908701,SAMD00126539,,0.06,test
PRJDB7087,SAMD00126540,ERZ908814,SAMD00126540,,16.0,test
PRJDB7087,SAMD00126541,ERZ908869,SAMD00126541,,0.015,test
PRJDB7087,SAMD00126542,ERZ908670,SAMD00126542,,64.0,test
PRJDB7087,SAMD00126543,ERZ908891,SAMD00126543,,0.5,test
PRJDB7087,SAMD00126544,ERZ908819,SAMD00126544,,32.0,test
PRJDB7087,SAMD00126545,ERZ908883,SAMD00126545,,32.0,test
PRJDB7087,SAMD00126546,ERZ908778,SAMD00126546,,16.0,test
PRJDB7087,SAMD00126547,ERZ908856,SAMD00126547,,2.0,test
PRJDB7087,SAMD00126548,ERZ908803,SAMD00126548,,0.5,test
PRJDB7087,SAMD00126549,ERZ908813,SAMD00126549,,1.0,test
PRJDB7087,SAMD00126550,ERZ908786,SAMD00126550,,0.12,test
PRJDB7087,SAMD00126551,ERZ908697,SAMD00126551,,0.06,test
PRJDB7087,SAMD00126552,ERZ908783,SAMD00126552,,0.015,test
PRJDB7087,SAMD00126553,ERZ908767,SAMD00126553,,64.0,test
PRJDB7087,SAMD00126554,ERZ908773,SAMD00126554,,0.015,test
PRJDB7087,SAMD00126555,ERZ908675,SAMD00126555,,0.015,test
PRJDB7087,SAMD00126556,ERZ908847,SAMD00126556,,32.0,test
PRJDB7087,SAMD00126557,ERZ908836,SAMD00126557,,0.015,test
PRJDB7087,SAMD00126558,ERZ908853,SAMD00126558,,0.015,test
PRJDB7087,SAMD00126559,ERZ908859,SAMD00126559,,0.015,test
PRJDB7087,SAMD00126560,ERZ908832,SAMD00126560,,0.25,test
PRJDB7087,SAMD00126561,ERZ908677,SAMD00126561,,2.0,test
PRJDB7087,SAMD00126562,ERZ908861,SAMD00126562,,0.06,test
PRJDB7087,SAMD00126563,ERZ908874,SAMD00126563,,0.015,test
PRJDB7087,SAMD00126564,ERZ908689,SAMD00126564,,32.0,test
PRJDB7087,SAMD00126565,ERZ908662,SAMD00126565,,0.06,test
PRJDB7087,SAMD00126566,ERZ908696,SAMD00126566,,32.0,test
PRJDB7087,SAMD00126567,ERZ908890,SAMD00126567,,64.0,test
PRJDB7087,SAMD00126568,ERZ908659,SAMD00126568,,8.0,test
PRJDB7087,SAMD00126569,ERZ908745,SAMD00126569,,0.015,test
PRJDB7087,SAMD00126570,ERZ908718,SAMD00126570,,0.03,test
PRJDB7087,SAMD00126571,ERZ908650,SAMD00126571,,0.015,test
PRJDB7087,SAMD00126572,ERZ908835,SAMD00126572,,0.03,test
PRJDB7087,SAMD00126573,ERZ908742,SAMD00126573,,0.5,test
PRJDB7087,SAMD00126574,ERZ908844,SAMD00126574,,64.0,test
PRJDB7087,SAMD00126575,ERZ908825,SAMD00126575,,0.12,test
PRJDB7087,SAMD00126576,ERZ908693,SAMD00126576,,0.03,test
PRJDB7087,SAMD00126577,ERZ908721,SAMD00126577,,0.015,test
PRJDB7087,SAMD00126578,ERZ908766,SAMD00126578,,0.015,test
PRJDB7087,SAMD00126579,ERZ908720,SAMD00126579,,0.015,test
PRJDB7087,SAMD00126580,ERZ908714,SAMD00126580,,0.01,test
PRJDB7087,SAMD00126581,ERZ908841,SAMD00126581,,0.12,test
PRJDB7087,SAMD00126582,ERZ908667,SAMD00126582,,32.0,test
PRJDB7087,SAMD00126583,ERZ908688,SAMD00126583,,32.0,test
PRJDB7087,SAMD00126584,ERZ908834,SAMD00126584,,32.0,test
PRJDB7087,SAMD00126585,ERZ908769,SAMD00126585,,64.0,test
PRJDB7087,SAMD00126586,ERZ908868,SAMD00126586,,8.0,test
PRJDB7087,SAMD00126587,ERZ908846,SAMD00126587,,2.0,test
PRJDB7087,SAMD00126588,ERZ908750,SAMD00126588,,0.015,test
PRJDB7087,SAMD00126589,ERZ908830,SAMD00126589,,0.12,test
PRJDB7087,SAMD00126590,ERZ908872,SAMD00126590,,0.25,test
PRJDB7087,SAMD00126591,ERZ908656,SAMD00126591,,0.25,test
PRJDB7087,SAMD00126592,ERZ908671,SAMD00126592,,32.0,test
PRJDB7087,SAMD00126593,ERZ908743,SAMD00126593,,8.0,test
PRJDB7087,SAMD00126594,ERZ908822,SAMD00126594,,32.0,test
PRJDB7087,SAMD00126595,ERZ908823,SAMD00126595,,64.0,test
PRJDB7087,SAMD00126596,ERZ908867,SAMD00126596,,0.12,test
PRJDB7087,SAMD00126597,ERZ908747,SAMD00126597,,32.0,test
PRJDB7087,SAMD00126598,ERZ908727,SAMD00126598,,16.0,test
PRJDB7087,SAMD00126599,ERZ908873,SAMD00126599,,1.0,test
PRJDB7087,SAMD00126600,ERZ908762,SAMD00126600,,1.0,test
PRJDB7087,SAMD00126601,ERZ908710,SAMD00126601,,0.015,test
PRJDB7087,SAMD00126602,ERZ908663,SAMD00126602,,64.0,test
PRJDB7087,SAMD00126603,ERZ908871,SAMD00126603,,32.0,test
PRJDB7087,SAMD00126604,ERZ908666,SAMD00126604,,1.0,test
PRJEB21880,SAMEA104175416,ERZ474392,SSI-AC359,Denmark,0.015,train
PRJEB21880,SAMEA104175417,ERZ474393,SSI-AC360,Denmark,0.015,train
PRJEB21880,SAMEA104175418,ERZ474394,SSI-AC361,Denmark,0.03,train
PRJEB21880,SAMEA104175419,ERZ474395,SSI-AC263,Denmark,0.06,train
PRJEB21880,SAMEA104175420,ERZ474396,SSI-AC264,Denmark,0.25,train
PRJEB21880,SAMEA104175421,ERZ474397,SSI-AC265,Denmark,0.015,train
PRJEB21880,SAMEA104175422,ERZ474398,SSI-AC266,Denmark,0.015,train
PRJEB21880,SAMEA104175423,ERZ474399,SSI-AC267,Denmark,0.015,train
PRJEB21880,SAMEA104175424,ERZ474400,SSI-AC268,Denmark,0.25,train
PRJEB21880,SAMEA104175425,ERZ474401,SSI-AC269,Denmark,0.015,train
PRJEB21880,SAMEA104175426,ERZ474402,SSI-AC270,Denmark,0.015,train
PRJEB21880,SAMEA104175427,ERZ474403,SSI-AC271,Denmark,0.25,train
PRJEB21880,SAMEA104175428,ERZ474404,SSI-AC272,Denmark,0.015,train
PRJEB21880,SAMEA104175429,ERZ474405,SSI-AC273,Denmark,0.015,train
PRJEB21880,SAMEA104175430,ERZ474406,SSI-AC274,Denmark,0.015,train
PRJEB21880,SAMEA104175431,ERZ474407,SSI-AC275,Denmark,0.25,train
PRJEB21880,SAMEA104175432,ERZ474408,SSI-AC276,Denmark,0.015,train
PRJEB21880,SAMEA104175433,ERZ474409,SSI-AC277,Denmark,0.03,train
PRJEB21880,SAMEA104175434,ERZ474410,SSI-AC278,Denmark,0.015,train
PRJEB21880,SAMEA104175435,ERZ474411,SSI-AC279,Denmark,0.25,train
PRJEB21880,SAMEA104175436,ERZ474412,SSI-AC280,Denmark,0.015,train
PRJEB21880,SAMEA104175437,ERZ474413,SSI-AC281,Denmark,0.015,train
PRJEB21880,SAMEA104175438,ERZ474414,SSI-AC282,Denmark,0.015,train
PRJEB21880,SAMEA104175439,ERZ474415,SSI-AC283,Denmark,0.015,train
PRJEB21880,SAMEA104175440,ERZ474416,SSI-AC284,Denmark,0.015,train
PRJEB21880,SAMEA104175441,ERZ474417,SSI-AC285,Denmark,0.015,train
PRJEB21880,SAMEA104175442,ERZ474418,SSI-AC286,Denmark,0.015,train
PRJEB21880,SAMEA104175443,ERZ474419,SSI-AC287,Denmark,0.015,train
PRJEB21880,SAMEA104175444,ERZ474420,SSI-AC288,Denmark,0.015,train
PRJEB21880,SAMEA104175445,ERZ474421,SSI-AC289,Denmark,0.015,train
PRJEB21880,SAMEA104175446,ERZ474422,SSI-AC290,Denmark,0.015,train
PRJEB21880,SAMEA104175447,ERZ474423,SSI-AC291,Denmark,0.015,train
PRJEB21880,SAMEA104175448,ERZ474424,SSI-AC292,Denmark,0.015,train
PRJEB21880,SAMEA104175449,ERZ474425,SSI-AC293,Denmark,0.015,train
PRJEB21880,SAMEA104175450,ERZ474426,SSI-AC294,Denmark,0.015,train
PRJEB21880,SAMEA104175451,ERZ474427,SSI-AC295,Denmark,0.015,train
PRJEB21880,SAMEA104175452,ERZ474428,SSI-AC296,Denmark,0.015,train
PRJEB21880,SAMEA104175453,ERZ474429,SSI-AC297,Denmark,0.015,train
PRJEB21880,SAMEA104175454,ERZ474430,SSI-AC298,Denmark,0.015,train
PRJEB21880,SAMEA104175455,ERZ474431,SSI-AC299,Denmark,0.015,train
PRJEB21880,SAMEA104175456,ERZ474432,SSI-AC300,Denmark,0.015,train
PRJEB21880,SAMEA104175457,ERZ474433,SSI-AC301,Denmark,0.015,train
PRJEB21880,SAMEA104175458,ERZ474434,SSI-AC302,Denmark,0.015,train
PRJEB21880,SAMEA104175459,ERZ474435,SSI-AC303,Denmark,0.015,train
PRJEB21880,SAMEA104175460,ERZ474436,SSI-AC304,Denmark,0.015,train
PRJEB21880,SAMEA104175461,ERZ474437,SSI-AC305,Denmark,0.015,train
PRJEB21880,SAMEA104175462,ERZ474438,SSI-AC306,Denmark,0.015,train
PRJEB21880,SAMEA104175463,ERZ474439,SSI-AC307,Denmark,0.015,train
PRJEB21880,SAMEA104175464,ERZ474440,SSI-AC308,Denmark,0.015,train
PRJEB21880,SAMEA104175465,ERZ474441,SSI-AC309,Denmark,0.015,train
PRJEB21880,SAMEA104175466,ERZ474442,SSI-AC310,Denmark,0.015,train
PRJEB21880,SAMEA104175467,ERZ474443,SSI-AC311,Denmark,0.03,train
PRJEB21880,SAMEA104175468,ERZ474444,SSI-AC312,Denmark,0.015,train
PRJEB21880,SAMEA104175469,ERZ474445,SSI-AC313,Denmark,0.25,train
PRJEB21880,SAMEA104175470,ERZ474446,SSI-AC314,Denmark,0.015,train
PRJEB21880,SAMEA104175471,ERZ474447,SSI-AC315,Denmark,0.015,train
PRJEB21880,SAMEA104175472,ERZ474448,SSI-AC316,Denmark,0.015,train
PRJEB21880,SAMEA104175473,ERZ474449,SSI-AC317,Denmark,0.015,train
PRJEB21880,SAMEA104175474,ERZ474450,SSI-AC318,Denmark,0.015,train
PRJEB21880,SAMEA104175475,ERZ474451,SSI-AC319,Denmark,0.015,train
PRJEB21880,SAMEA104175476,ERZ474452,SSI-AC320,Denmark,0.015,train
PRJEB21880,SAMEA104175477,ERZ474453,SSI-AC321,Denmark,0.015,train
PRJEB21880,SAMEA104175478,ERZ474454,SSI-AC322,Denmark,0.015,train
PRJEB21880,SAMEA104175479,ERZ474455,SSI-AC323,Denmark,0.03,train
PRJEB21880,SAMEA104175480,ERZ474456,SSI-AC324,Denmark,0.015,train
PRJEB21880,SAMEA104175481,ERZ474457,SSI-AC325,Denmark,0.015,train
PRJEB21880,SAMEA104175482,ERZ474458,SSI-AC326,Denmark,0.015,train
PRJEB21880,SAMEA104175483,ERZ474459,SSI-AC327,Denmark,0.015,train
PRJEB21880,SAMEA104175484,ERZ474460,SSI-AC328,Denmark,0.015,train
PRJEB21880,SAMEA104175485,ERZ474461,SSI-AC329,Denmark,0.015,train
PRJEB21880,SAMEA104175486,ERZ474462,SSI-AC330,Denmark,0.015,train
PRJEB21880,SAMEA104175487,ERZ474463,SSI-AC331,Denmark,0.015,train
PRJEB21880,SAMEA104175488,ERZ474464,SSI-AC332,Denmark,0.015,train
PRJEB21880,SAMEA104175489,ERZ474465,SSI-AC333,Denmark,0.03,train
PRJEB21880,SAMEA104175490,ERZ474466,SSI-AC334,Denmark,0.015,train
PRJEB21880,SAMEA104175491,ERZ474467,SSI-AC335,Denmark,0.015,train
PRJEB21880,SAMEA104175492,ERZ474468,SSI-AC336,Denmark,0.015,train
PRJEB21880,SAMEA104175493,ERZ474469,SSI-AC337,Denmark,0.015,train
PRJEB21880,SAMEA104175494,ERZ474470,SSI-AC338,Denmark,0.015,train
PRJEB21880,SAMEA104175495,ERZ474471,SSI-AC339,Denmark,0.015,train
PRJEB21880,SAMEA104175496,ERZ474472,SSI-AC340,Denmark,0.015,train
PRJEB21880,SAMEA104175497,ERZ474473,SSI-AC341,Denmark,0.03,train
PRJEB21880,SAMEA104175499,ERZ474475,SSI-AC343,Denmark,0.015,train
PRJEB21880,SAMEA104175500,ERZ474476,SSI-AC344,Denmark,0.015,train
PRJEB21880,SAMEA104175501,ERZ474477,SSI-AC345,Denmark,0.03,train
PRJEB21880,SAMEA104175502,ERZ474478,SSI-AC346,Denmark,0.015,train
PRJEB21880,SAMEA104175503,ERZ474479,SSI-AC358,Denmark,0.015,train
PRJEB21880,SAMEA104175505,ERZ474481,SSI-AC348,Denmark,0.015,train
PRJEB21880,SAMEA104175506,ERZ474482,SSI-AC349,Denmark,0.015,train
PRJEB21880,SAMEA104175507,ERZ474483,SSI-AC350,Denmark,0.015,train
PRJEB21880,SAMEA104175508,ERZ474484,SSI-AC351,Denmark,0.015,train
PRJEB21880,SAMEA104175509,ERZ474485,SSI-AC352,Denmark,0.015,train
PRJEB21880,SAMEA104175510,ERZ474486,SSI-AC353,Denmark,0.015,train
PRJEB21880,SAMEA104175511,ERZ474487,SSI-AC354,Denmark,0.015,train
PRJEB21880,SAMEA104175512,ERZ474488,SSI-AC355,Denmark,0.015,train
PRJEB21880,SAMEA104175513,ERZ474489,SSI-AC356,Denmark,0.015,train
PRJEB21880,SAMEA104175514,ERZ474490,SSI-AC357,Denmark,0.015,train
PRJEB21997,SAMEA104188681,ERZ794783,20151014,Viet Nam,32.0,train
PRJEB21997,SAMEA104188682,ERZ794766,20151015,Viet Nam,0.5,train
PRJEB21997,SAMEA104188683,ERZ794797,20151016,Viet Nam,1.0,train
PRJEB21997,SAMEA104188684,ERZ794845,20151017,Viet Nam,32.0,train
PRJEB21997,SAMEA104188685,ERZ794755,20151019,Viet Nam,1.0,train
PRJEB21997,SAMEA104188686,ERZ794781,20151020,Viet Nam,0.5,train
PRJEB21997,SAMEA104188687,ERZ794752,20151021,Viet Nam,1.0,train
PRJEB21997,SAMEA104188688,ERZ794761,20151022,Viet Nam,32.0,train
PRJEB21997,SAMEA104188689,ERZ794833,20151023,Viet Nam,0.25,train
PRJEB21997,SAMEA104188690,ERZ794764,20151198,Viet Nam,0.25,train
PRJEB21997,SAMEA104188691,ERZ794742,20151199,Viet Nam,0.25,train
PRJEB21997,SAMEA104188692,ERZ794824,20151200,Viet Nam,32.0,train
PRJEB21997,SAMEA104188693,ERZ794749,20151201,Viet Nam,0.25,train
PRJEB21997,SAMEA104188694,ERZ794807,20151202,Viet Nam,32.0,train
PRJEB21997,SAMEA104188695,ERZ794837,20151203,Viet Nam,32.0,train
PRJEB21997,SAMEA104188696,ERZ794799,20151204,Viet Nam,0.38,train
PRJEB21997,SAMEA104188697,ERZ794777,20151205,Viet Nam,32.0,train
PRJEB21997,SAMEA104188698,ERZ794760,20151206,Viet Nam,0.5,train
PRJEB21997,SAMEA104188699,ERZ794846,20151210,Viet Nam,0.5,train
PRJEB21997,SAMEA104188700,ERZ794829,20151211,Viet Nam,0.19,train
PRJEB21997,SAMEA104188701,ERZ794843,20151212,Viet Nam,0.5,train
PRJEB21997,SAMEA104188702,ERZ794768,20151213,Viet Nam,0.5,train
PRJEB21997,SAMEA104188703,ERZ794825,20151214,Viet Nam,0.19,train
PRJEB21997,SAMEA104188704,ERZ794815,20151215,Viet Nam,0.25,train
PRJEB21997,SAMEA104188705,ERZ794775,20151216,Viet Nam,32.0,train
PRJEB21997,SAMEA104188706,ERZ794841,20151217,Viet Nam,32.0,train
PRJEB21997,SAMEA104188707,ERZ794748,20151219,Viet Nam,32.0,train
PRJEB21997,SAMEA104188708,ERZ794750,20151220,Viet Nam,8.0,train
PRJEB21997,SAMEA104188709,ERZ794774,20151311,Viet Nam,0.125,train
PRJEB21997,SAMEA104188710,ERZ794757,20151312,Viet Nam,32.0,train
PRJEB21997,SAMEA104188711,ERZ794756,20151313,Viet Nam,0.125,train
PRJEB21997,SAMEA104188712,ERZ794770,20151314,Viet Nam,0.125,train
PRJEB21997,SAMEA104188713,ERZ794817,20151315,Viet Nam,0.01,train
PRJEB21997,SAMEA104188714,ERZ794789,20151317,Viet Nam,0.25,train
PRJEB21997,SAMEA104188716,ERZ794762,20151319,Viet Nam,32.0,train
PRJEB21997,SAMEA104188717,ERZ794803,20151320,Viet Nam,0.25,train
PRJEB21997,SAMEA104188718,ERZ794773,20151354,Viet Nam,32.0,train
PRJEB21997,SAMEA104188719,ERZ794826,20151356,Viet Nam,32.0,train
PRJEB21997,SAMEA104188720,ERZ794795,20151357,Viet Nam,32.0,train
PRJEB21997,SAMEA104188721,ERZ794778,20151358,Viet Nam,0.25,train
PRJEB21997,SAMEA104188722,ERZ794805,20151361,Viet Nam,0.38,train
PRJEB21997,SAMEA104188723,ERZ794744,20151362,Viet Nam,0.75,train
PRJEB21997,SAMEA104188724,ERZ794813,20151363,Viet Nam,4.0,train
PRJEB21997,SAMEA104188725,ERZ794758,20151474,Viet Nam,1.0,train
PRJEB21997,SAMEA104188726,ERZ794832,20151475,Viet Nam,0.25,train
PRJEB21997,SAMEA104188727,ERZ794747,20151476,Viet Nam,32.0,train
PRJEB21997,SAMEA104188728,ERZ794811,20151477,Viet Nam,0.19,train
PRJEB21997,SAMEA104188729,ERZ794828,20151478,Viet Nam,32.0,train
PRJEB21997,SAMEA104188730,ERZ794788,20151479,Viet Nam,0.19,train
PRJEB21997,SAMEA104188731,ERZ794818,20151480,Viet Nam,32.0,train
PRJEB21997,SAMEA104188732,ERZ794746,20151481,Viet Nam,32.0,train
PRJEB21997,SAMEA104188733,ERZ794802,20151482,Viet Nam,32.0,train
PRJEB21997,SAMEA104188734,ERZ794844,20151483,Viet Nam,32.0,train
PRJEB21997,SAMEA104188735,ERZ794737,20151484,Viet Nam,0.38,train
PRJEB21997,SAMEA104188736,ERZ794821,20151485,Viet Nam,0.19,train
PRJEB21997,SAMEA104188737,ERZ794834,20151486,Viet Nam,2.0,train
PRJEB21997,SAMEA104188738,ERZ794743,20151487,Viet Nam,32.0,train
PRJEB21997,SAMEA104188739,ERZ794790,20160095,Viet Nam,32.0,train
PRJEB21997,SAMEA104188740,ERZ794801,20160096,Viet Nam,0.023,train
PRJEB21997,SAMEA104188741,ERZ794840,20160097,Viet Nam,32.0,train
PRJEB21997,SAMEA104188742,ERZ794830,20160098,Viet Nam,32.0,train
PRJEB21997,SAMEA104188743,ERZ794819,20160099,Viet Nam,8.0,train
PRJEB21997,SAMEA104188744,ERZ794814,20160100,Viet Nam,24.0,train
PRJEB21997,SAMEA104188745,ERZ794842,20160101,Viet Nam,1.0,train
PRJEB21997,SAMEA104188746,ERZ794754,20160102,Viet Nam,32.0,train
PRJEB21997,SAMEA104188747,ERZ794741,20160104,Viet Nam,0.19,train
PRJEB21997,SAMEA104188748,ERZ794780,20160105,Viet Nam,32.0,train
PRJEB21997,SAMEA104188749,ERZ794759,20160106,Viet Nam,32.0,train
PRJEB21997,SAMEA104188750,ERZ794806,20160107,Viet Nam,0.5,train
PRJEB21997,SAMEA104188751,ERZ794793,20160108,Viet Nam,0.01,train
PRJEB21997,SAMEA104188752,ERZ794822,20160109,Viet Nam,32.0,train
PRJEB21997,SAMEA104188753,ERZ794785,20160110,Viet Nam,0.125,train
PRJEB21997,SAMEA104188754,ERZ794779,20160146,Viet Nam,0.012,train
PRJEB21997,SAMEA104188755,ERZ794740,20160147,Viet Nam,0.016,train
PRJEB21997,SAMEA104188756,ERZ794767,20160148,Viet Nam,0.5,train
PRJEB21997,SAMEA104188757,ERZ794745,20160149,Viet Nam,0.25,train
PRJEB21997,SAMEA104188758,ERZ794794,20160150,Viet Nam,32.0,train
PRJEB21997,SAMEA104188759,ERZ794820,20160151,Viet Nam,32.0,train
PRJEB21997,SAMEA104188760,ERZ794839,20160152,Viet Nam,32.0,train
PRJEB21997,SAMEA104188761,ERZ794823,20160153,Viet Nam,32.0,train
PRJEB21997,SAMEA104188762,ERZ794787,20160154,Viet Nam,0.19,train
PRJEB21997,SAMEA104188763,ERZ794812,20160155,Viet Nam,32.0,train
PRJEB21997,SAMEA104188764,ERZ794804,20160156,Viet Nam,32.0,train
PRJEB21997,SAMEA104188765,ERZ794796,20160157,Viet Nam,0.125,train
PRJEB21997,SAMEA104188766,ERZ794771,20160158,Viet Nam,0.25,train
PRJEB21997,SAMEA104188767,ERZ794809,20160159,Viet Nam,32.0,train
PRJEB21997,SAMEA104188768,ERZ794772,20160160,Viet Nam,32.0,train
PRJEB21997,SAMEA104188769,ERZ794831,20160161,Viet Nam,32.0,train
PRJEB21997,SAMEA104188770,ERZ794753,20160162,Viet Nam,0.016,train
PRJEB21997,SAMEA104188771,ERZ794827,20160163,Viet Nam,0.5,train
PRJEB21997,SAMEA104188772,ERZ794816,20160164,Viet Nam,0.25,train
PRJEB21997,SAMEA104188773,ERZ794798,20160165,Viet Nam,32.0,train
PRJEB21997,SAMEA104188774,ERZ794800,20160166,Viet Nam,0.125,train
PRJEB21997,SAMEA104188775,ERZ794736,20160167,Viet Nam,32.0,train
PRJEB21997,SAMEA104188776,ERZ794784,20160168,Viet Nam,32.0,train
PRJEB21997,SAMEA104188777,ERZ794782,20160169,Viet Nam,0.19,train
PRJEB21997,SAMEA104188778,ERZ794786,20160170,Viet Nam,0.19,train
PRJEB21997,SAMEA104188779,ERZ794791,20160171,Viet Nam,0.25,train
PRJEB21997,SAMEA104188780,ERZ794810,20160172,Viet Nam,32.0,train
PRJEB21997,SAMEA104188781,ERZ794836,20160173,Viet Nam,32.0,train
PRJEB21997,SAMEA104188782,ERZ794739,20160174,Viet Nam,0.19,train
PRJEB21997,SAMEA104188783,ERZ794763,V070,Viet Nam,12.0,train
PRJEB21997,SAMEA104188784,ERZ794838,V071,Viet Nam,0.25,train
PRJEB21997,SAMEA104188785,ERZ794776,V072,Viet Nam,0.38,train
PRJEB21997,SAMEA104188786,ERZ794769,V073,Viet Nam,0.5,train
PRJEB21997,SAMEA104188787,ERZ794792,V074,Viet Nam,32.0,train
PRJEB21997,SAMEA104188788,ERZ794808,V075,Viet Nam,0.38,train
PRJEB21997,SAMEA104188789,ERZ794738,V076,Viet Nam,0.25,train
PRJEB21997,SAMEA104188790,ERZ794751,V077,Viet Nam,0.5,train
PRJEB21997,SAMEA104188791,ERZ794835,V078,Viet Nam,32.0,train
PRJEB21997,SAMEA104188792,ERZ794765,V079,Viet Nam,0.25,train
PRJEB14086,SAMEA3993565,ERZ390162,sam_103239_20160518_DTU2016_546_PRJ1055_ESchericha_coli_15078257,Denmark,0.015,train
PRJEB14086,SAMEA3993566,ERZ390163,sam_103239_20160518_DTU2016_547_PRJ1055_ESchericha_coli_15090172,Denmark,0.015,train
PRJEB14086,SAMEA3993567,ERZ390164,sam_103239_20160518_DTU2016_548_PRJ1055_ESchericha_coli_15097579,Denmark,0.015,train
PRJEB14086,SAMEA3993569,ERZ390165,sam_103239_20160518_DTU2016_550_PRJ1055_ESchericha_coli_15078279,Denmark,0.015,train
PRJEB14086,SAMEA3993570,ERZ390166,sam_103239_20160518_DTU2016_551_PRJ1055_ESchericha_coli_15095383,Denmark,0.015,train
PRJEB14086,SAMEA3993571,ERZ390167,sam_103239_20160518_DTU2016_552_PRJ1055_ESchericha_coli_15078284,Denmark,0.03,train
PRJEB14086,SAMEA3993572,ERZ390168,sam_103239_20160518_DTU2016_553_PRJ1055_ESchericha_coli_15082472,Denmark,0.015,train
PRJEB14086,SAMEA3993573,ERZ390169,sam_103239_20160518_DTU2016_554_PRJ1055_ESchericha_coli_15090171,Denmark,0.03,train
PRJEB14086,SAMEA3993575,ERZ390170,sam_103239_20160518_DTU2016_556_PRJ1055_ESchericha_coli_15093653,Denmark,0.015,train
PRJEB14086,SAMEA3993576,ERZ390171,sam_103239_20160518_DTU2016_557_PRJ1055_ESchericha_coli_15106535,Denmark,0.03,train
PRJEB14086,SAMEA3993577,ERZ390172,sam_103239_20160518_DTU2016_558_PRJ1055_ESchericha_coli_15108573,Denmark,0.015,train
PRJEB14086,SAMEA3993579,ERZ390173,sam_103239_20160518_DTU2016_560_PRJ1055_ESchericha_coli_15079197,Denmark,0.015,train
PRJEB14086,SAMEA3993580,ERZ390174,sam_103239_20160518_DTU2016_561_PRJ1055_ESchericha_coli_15098887,Denmark,0.015,train
PRJEB14086,SAMEA3993581,ERZ390175,sam_103239_20160518_DTU2016_562_PRJ1055_ESchericha_coli_15089122,Denmark,0.015,train
PRJEB14086,SAMEA3993583,ERZ390176,sam_103239_20160518_DTU2016_564_PRJ1055_ESchericha_coli_15093354,Denmark,0.015,train
PRJEB14086,SAMEA3993584,ERZ390177,sam_103239_20160518_DTU2016_565_PRJ1055_ESchericha_coli_15079953,Denmark,0.015,train
PRJEB14086,SAMEA3993585,ERZ390178,sam_103239_20160518_DTU2016_566_PRJ1055_ESchericha_coli_15097577,Denmark,0.015,train
PRJEB14086,SAMEA3993586,ERZ390179,sam_103239_20160518_DTU2016_567_PRJ1055_ESchericha_coli_15102768,Denmark,0.015,train
PRJEB14086,SAMEA3993587,ERZ390180,sam_103239_20160518_DTU2016_568_PRJ1055_ESchericha_coli_15090208,Denmark,0.015,train
PRJEB14086,SAMEA3993588,ERZ390181,sam_103239_20160518_DTU2016_569_PRJ1055_ESchericha_coli_15085381,Denmark,0.015,train
PRJEB14086,SAMEA3993591,ERZ390182,sam_103239_20160518_DTU2016_572_PRJ1055_ESchericha_coli_15093352,Denmark,0.015,train
PRJEB14086,SAMEA3993592,ERZ390183,sam_103239_20160518_DTU2016_573_PRJ1055_ESchericha_coli_15093651,Denmark,0.015,train
PRJEB14086,SAMEA3993594,ERZ390184,sam_103239_20160518_DTU2016_575_PRJ1055_ESchericha_coli_15097557,Denmark,0.015,train
PRJEB14086,SAMEA3993595,ERZ390185,sam_103239_20160518_DTU2016_576_PRJ1055_ESchericha_coli_15097580,Denmark,0.03,train
PRJEB14086,SAMEA3993596,ERZ390186,sam_103239_20160518_DTU2016_577_PRJ1055_ESchericha_coli_15097617,Denmark,0.015,train
PRJEB14086,SAMEA3993597,ERZ390187,sam_103239_20160518_DTU2016_578_PRJ1055_ESchericha_coli_15100418,Denmark,0.015,train
PRJEB14086,SAMEA3993598,ERZ390188,sam_103239_20160518_DTU2016_579_PRJ1055_ESchericha_coli_15101403,Denmark,0.015,train
PRJEB14086,SAMEA3993599,ERZ390189,sam_103239_20160518_DTU2016_580_PRJ1055_ESchericha_coli_15104250,Denmark,0.03,train
PRJEB14086,SAMEA3993601,ERZ390190,sam_103239_20160518_DTU2016_582_PRJ1055_ESchericha_coli_15116853,Denmark,0.015,train
PRJEB14086,SAMEA3993604,ERZ390191,sam_103239_20160518_DTU2016_585_PRJ1055_ESchericha_coli_15080719,Denmark,0.015,train
PRJEB14086,SAMEA3993605,ERZ390192,sam_103239_20160518_DTU2016_586_PRJ1055_ESchericha_coli_15085380,Denmark,0.015,train
PRJEB14086,SAMEA3993607,ERZ390193,sam_103239_20160518_DTU2016_588_PRJ1055_ESchericha_coli_15080851,Denmark,0.015,train
PRJEB14086,SAMEA3993608,ERZ390194,sam_103239_20160518_DTU2016_589_PRJ1055_ESchericha_coli_15089666,Denmark,0.015,train
PRJEB14086,SAMEA3993609,ERZ390195,sam_103239_20160518_DTU2016_590_PRJ1055_ESchericha_coli_15090169,Denmark,0.015,train
PRJEB14086,SAMEA3993610,ERZ390196,sam_103239_20160518_DTU2016_591_PRJ1055_ESchericha_coli_15078479,Denmark,0.015,train
PRJEB14086,SAMEA3993611,ERZ390197,sam_103239_20160518_DTU2016_592_PRJ1055_ESchericha_coli_15083178,Denmark,0.015,train
PRJEB14086,SAMEA3993612,ERZ390198,sam_103239_20160518_DTU2016_593_PRJ1055_ESchericha_coli_15078483,Denmark,0.015,train
PRJEB14086,SAMEA3993613,ERZ390199,sam_103239_20160518_DTU2016_594_PRJ1055_ESchericha_coli_15083180,Denmark,0.015,train
PRJEB14086,SAMEA3993614,ERZ390200,sam_103239_20160518_DTU2016_595_PRJ1055_ESchericha_coli_15091340,Denmark,0.015,train
PRJEB14086,SAMEA3993615,ERZ390201,sam_103239_20160518_DTU2016_596_PRJ1055_ESchericha_coli_15083185,Denmark,0.015,train
PRJEB14086,SAMEA3993618,ERZ390202,sam_103239_20160518_DTU2016_599_PRJ1055_ESchericha_coli_15092881,Denmark,0.015,train
PRJEB16326,SAMEA4555335,ERZ402694,LSASTEC1,Italy,0.015,train
PRJEB16326,SAMEA4555336,ERZ402695,LSASTEC2,Italy,0.015,train
PRJEB16326,SAMEA4555337,ERZ402696,LSASTEC3,Italy,0.015,train
PRJEB16326,SAMEA4555338,ERZ402697,LSASTEC4,Italy,0.015,train
PRJEB16326,SAMEA4555339,ERZ402698,LSASTEC12,Italy,0.015,train
PRJEB16326,SAMEA4555340,ERZ402699,LSASTEC13,Italy,0.015,train
PRJEB16326,SAMEA4555341,ERZ402700,LSASTEC14,Italy,0.015,train
PRJEB16326,SAMEA4555342,ERZ402701,LSASTEC16,Italy,0.015,train
PRJEB16326,SAMEA4555343,ERZ402702,LSASTEC17,Italy,0.015,train
PRJEB16326,SAMEA4555344,ERZ402703,LSASTEC21,Italy,0.015,train
PRJEB16326,SAMEA4555345,ERZ402704,LSASTEC22,Italy,0.015,train
PRJEB16326,SAMEA4555346,ERZ402705,LSASTEC33,Italy,0.015,train
PRJEB16326,SAMEA4555347,ERZ402706,LSASTEC9,Italy,0.015,train
